INSERT INTO school_schedule.students_group (id, name) VALUES (1, "1A");
INSERT INTO school_schedule.students_group (id, name) VALUES (2, "1B");
INSERT INTO school_schedule.students_group (id, name) VALUES (3, "1C");

INSERT INTO school_schedule.teacher (id, name) VALUES (1, "Lilly Foster");
INSERT INTO school_schedule.teacher (id, name) VALUES (2, "Amir Flynn");
INSERT INTO school_schedule.teacher (id, name) VALUES (3, "Teddy Logan");
INSERT INTO school_schedule.teacher (id, name) VALUES (4, "Marcus Lam");
INSERT INTO school_schedule.teacher (id, name) VALUES (5, "Sabrina Ortega");
INSERT INTO school_schedule.teacher (id, name) VALUES (6, "Andy Thomson");
INSERT INTO school_schedule.teacher (id, name) VALUES (7, "Ellen Bond");
INSERT INTO school_schedule.teacher (id, name) VALUES (8, "Lina Bennett");
INSERT INTO school_schedule.teacher (id, name) VALUES (9, "Lee Jackson");

INSERT INTO school_schedule.subject (id, name, teacher_id) VALUES (1, "Art", 1);
INSERT INTO school_schedule.subject (id, name, teacher_id) VALUES (2, "Biology", 2);
INSERT INTO school_schedule.subject (id, name, teacher_id) VALUES (3, "English", 3);
INSERT INTO school_schedule.subject (id, name, teacher_id) VALUES (4, "French", 4);
INSERT INTO school_schedule.subject (id, name, teacher_id) VALUES (5, "History", 5);
INSERT INTO school_schedule.subject (id, name, teacher_id) VALUES (6, "Math", 6);
INSERT INTO school_schedule.subject (id, name, teacher_id) VALUES (7, "Music", 7);
INSERT INTO school_schedule.subject (id, name, teacher_id) VALUES (8, "Science", 8);
INSERT INTO school_schedule.subject (id, name, teacher_id) VALUES (9, "Sport", 9);

INSERT INTO school_schedule.students_group_has_subject (id, students_group_id, subject_id, amount_of_hours) VALUES (1, 1, 1, 1);
INSERT INTO school_schedule.students_group_has_subject (id, students_group_id, subject_id, amount_of_hours) VALUES (2, 1, 2, 2);
INSERT INTO school_schedule.students_group_has_subject (id, students_group_id, subject_id, amount_of_hours) VALUES (3, 1, 3, 8);
INSERT INTO school_schedule.students_group_has_subject (id, students_group_id, subject_id, amount_of_hours) VALUES (4, 1, 4, 1);
INSERT INTO school_schedule.students_group_has_subject (id, students_group_id, subject_id, amount_of_hours) VALUES (5, 1, 5, 3);
INSERT INTO school_schedule.students_group_has_subject (id, students_group_id, subject_id, amount_of_hours) VALUES (6, 1, 6, 2);
INSERT INTO school_schedule.students_group_has_subject (id, students_group_id, subject_id, amount_of_hours) VALUES (7, 1, 7, 1);
INSERT INTO school_schedule.students_group_has_subject (id, students_group_id, subject_id, amount_of_hours) VALUES (8, 1, 8, 1);
INSERT INTO school_schedule.students_group_has_subject (id, students_group_id, subject_id, amount_of_hours) VALUES (9, 1, 9, 2);
INSERT INTO school_schedule.students_group_has_subject (id, students_group_id, subject_id, amount_of_hours) VALUES (10, 2, 1, 1);
INSERT INTO school_schedule.students_group_has_subject (id, students_group_id, subject_id, amount_of_hours) VALUES (11, 2, 2, 2);
INSERT INTO school_schedule.students_group_has_subject (id, students_group_id, subject_id, amount_of_hours) VALUES (12, 2, 3, 1);
INSERT INTO school_schedule.students_group_has_subject (id, students_group_id, subject_id, amount_of_hours) VALUES (13, 2, 4, 2);
INSERT INTO school_schedule.students_group_has_subject (id, students_group_id, subject_id, amount_of_hours) VALUES (14, 2, 5, 1);
INSERT INTO school_schedule.students_group_has_subject (id, students_group_id, subject_id, amount_of_hours) VALUES (15, 2, 6, 6);
INSERT INTO school_schedule.students_group_has_subject (id, students_group_id, subject_id, amount_of_hours) VALUES (16, 2, 7, 1);
INSERT INTO school_schedule.students_group_has_subject (id, students_group_id, subject_id, amount_of_hours) VALUES (17, 2, 8, 2);
INSERT INTO school_schedule.students_group_has_subject (id, students_group_id, subject_id, amount_of_hours) VALUES (18, 3, 1, 3);
INSERT INTO school_schedule.students_group_has_subject (id, students_group_id, subject_id, amount_of_hours) VALUES (19, 3, 2, 1);
INSERT INTO school_schedule.students_group_has_subject (id, students_group_id, subject_id, amount_of_hours) VALUES (20, 3, 3, 1);
INSERT INTO school_schedule.students_group_has_subject (id, students_group_id, subject_id, amount_of_hours) VALUES (21, 3, 4, 3);
INSERT INTO school_schedule.students_group_has_subject (id, students_group_id, subject_id, amount_of_hours) VALUES (22, 3, 5, 1);
INSERT INTO school_schedule.students_group_has_subject (id, students_group_id, subject_id, amount_of_hours) VALUES (23, 3, 6, 1);
INSERT INTO school_schedule.students_group_has_subject (id, students_group_id, subject_id, amount_of_hours) VALUES (24, 3, 7, 2);
INSERT INTO school_schedule.students_group_has_subject (id, students_group_id, subject_id, amount_of_hours) VALUES (25, 3, 8, 1);
INSERT INTO school_schedule.students_group_has_subject (id, students_group_id, subject_id, amount_of_hours) VALUES (26, 3, 9, 2);